{"training_mse": 2.171800745651126, "hit@10": 0.036904761904761905, "_timestamp": 1673615490, "_runtime": 7, "_step": 8, "parameters/u_emb.weight": {"_type": "histogram", "values": [1.0, 0.0, 0.0, 0.0, 0.0, 2.0, 0.0, 0.0, 3.0, 4.0, 3.0, 11.0, 12.0, 10.0, 18.0, 19.0, 40.0, 39.0, 39.0, 77.0, 97.0, 117.0, 163.0, 204.0, 269.0, 318.0, 420.0, 491.0, 604.0, 728.0, 905.0, 987.0, 1065.0, 1225.0, 1317.0, 1433.0, 1215.0, 1188.0, 1048.0, 907.0, 749.0, 591.0, 511.0, 449.0, 348.0, 290.0, 223.0, 170.0, 158.0, 104.0, 71.0, 61.0, 49.0, 37.0, 19.0, 12.0, 10.0, 8.0, 10.0, 7.0, 2.0, 0.0, 1.0, 1.0], "bins": [-0.16126398742198944, -0.15666928887367249, -0.15207457542419434, -0.14747987687587738, -0.14288517832756042, -0.13829047977924347, -0.13369576632976532, -0.12910106778144836, -0.12450636923313141, -0.11991166323423386, -0.1153169646859169, -0.11072225868701935, -0.10612756013870239, -0.10153285413980484, -0.09693814814090729, -0.09234344959259033, -0.08774874359369278, -0.08315403759479523, -0.07855933904647827, -0.07396463304758072, -0.06936993449926376, -0.06477522850036621, -0.06018052622675896, -0.0555858239531517, -0.05099111795425415, -0.046396415680646896, -0.04180171340703964, -0.03720700740814209, -0.032612308859825134, -0.02801760472357273, -0.023422900587320328, -0.018828198313713074, -0.014233499765396118, -0.009638797491788864, -0.0050440942868590355, -0.00044939108192920685, 0.004145311191678047, 0.008740013465285301, 0.013334717601537704, 0.01792941987514496, 0.022524118423461914, 0.027118820697069168, 0.03171352297067642, 0.036308228969573975, 0.04090292751789093, 0.04549763351678848, 0.05009233579039574, 0.05468703806400299, 0.05928174406290054, 0.0638764500617981, 0.06847114861011505, 0.0730658546090126, 0.07766055315732956, 0.08225525915622711, 0.08684995770454407, 0.09144466370344162, 0.09603936970233917, 0.10063407570123672, 0.10522877424955368, 0.10982348024845123, 0.11441817879676819, 0.11901288479566574, 0.1236075907945633, 0.12820228934288025, 0.1327969878911972]}, "parameters/i_emb.weight": {"_type": "histogram", "values": [1.0, 2.0, 1.0, 4.0, 4.0, 6.0, 4.0, 12.0, 11.0, 18.0, 26.0, 25.0, 45.0, 63.0, 111.0, 107.0, 164.0, 189.0, 232.0, 299.0, 408.0, 521.0, 634.0, 777.0, 934.0, 1138.0, 1404.0, 1659.0, 2197.0, 3718.0, 5477.0, 2654.0, 1964.0, 1474.0, 1331.0, 1120.0, 934.0, 722.0, 624.0, 528.0, 419.0, 285.0, 256.0, 204.0, 139.0, 103.0, 84.0, 65.0, 47.0, 37.0, 22.0, 26.0, 14.0, 10.0, 10.0, 4.0, 3.0, 3.0, 1.0, 3.0, 1.0, 0.0, 0.0, 2.0], "bins": [-0.10571731626987457, -0.10221625119447708, -0.09871519356966019, -0.0952141284942627, -0.0917130634188652, -0.08821200579404831, -0.08471094071865082, -0.08120988309383392, -0.07770881801843643, -0.07420775294303894, -0.07070669531822205, -0.06720563024282455, -0.06370456516742706, -0.06020350754261017, -0.05670244246721268, -0.053201381117105484, -0.04970031604170799, -0.0461992546916008, -0.04269818961620331, -0.039197128266096115, -0.03569606691598892, -0.03219500184059143, -0.028693940490484238, -0.025192879140377045, -0.021691814064979553, -0.01819075085222721, -0.014689689502120018, -0.011188626289367676, -0.007687564007937908, -0.0041865017265081406, -0.0006854385137557983, 0.0028156228363513947, 0.006316684186458588, 0.009817746467888355, 0.013318808749318123, 0.016819871962070465, 0.020320933312177658, 0.02382199652493, 0.027323059737682343, 0.030824121087789536, 0.03432518243789673, 0.03782624378800392, 0.04132730886340141, 0.044828370213508606, 0.0483294315636158, 0.05183049291372299, 0.05533155798912048, 0.058832619339227676, 0.06233368441462517, 0.06583474576473236, 0.06933581084012985, 0.07283687591552734, 0.07633793354034424, 0.07983899861574173, 0.08334006369113922, 0.08684112131595612, 0.09034218639135361, 0.0938432514667511, 0.097344309091568, 0.10084537416696548, 0.10434643924236298, 0.10784749686717987, 0.11134856194257736, 0.11484962701797485, 0.11835068464279175]}, "parameters/u_bias.weight": {"_type": "histogram", "values": [1.0, 0.0, 0.0, 0.0, 0.0, 0.0, 3.0, 1.0, 0.0, 3.0, 1.0, 4.0, 4.0, 3.0, 2.0, 1.0, 11.0, 18.0, 7.0, 10.0, 17.0, 19.0, 22.0, 31.0, 27.0, 29.0, 33.0, 24.0, 40.0, 35.0, 53.0, 43.0, 46.0, 46.0, 44.0, 36.0, 48.0, 38.0, 37.0, 35.0, 29.0, 19.0, 11.0, 28.0, 19.0, 12.0, 12.0, 8.0, 5.0, 5.0, 3.0, 5.0, 2.0, 2.0, 2.0, 2.0, 4.0, 0.0, 0.0, 2.0, 0.0, 0.0, 0.0, 1.0], "bins": [-3.482306480407715, -3.3753163814544678, -3.2683260440826416, -3.1613359451293945, -3.0543456077575684, -2.9473555088043213, -2.840365409851074, -2.733375072479248, -2.626384735107422, -2.519394636154175, -2.4124042987823486, -2.3054141998291016, -2.1984238624572754, -2.0914337635040283, -1.9844435453414917, -1.877453327178955, -1.770463228225708, -1.6634730100631714, -1.5564827919006348, -1.4494926929473877, -1.3425023555755615, -1.2355122566223145, -1.1285220384597778, -1.0215318202972412, -0.9145417213439941, -0.8075515031814575, -0.7005612850189209, -0.593571126461029, -0.48658090829849243, -0.3795906901359558, -0.27260053157806396, -0.16561031341552734, -0.05862021446228027, 0.048369988799095154, 0.15536019206047058, 0.2623503804206848, 0.36934059858322144, 0.47633081674575806, 0.5833209753036499, 0.6903111934661865, 0.7973015308380127, 0.9042917490005493, 1.011281967163086, 1.118272066116333, 1.2252624034881592, 1.3322525024414062, 1.4392427206039429, 1.5462329387664795, 1.6532230377197266, 1.7602132558822632, 1.8672034740447998, 1.9741935729980469, 2.081183910369873, 2.18817400932312, 2.295164108276367, 2.4021544456481934, 2.5091447830200195, 2.6161348819732666, 2.7231252193450928, 2.83011531829834, 2.937105655670166, 3.044095754623413, 3.15108585357666, 3.2580761909484863, 3.3650662899017334]}, "parameters/i_bias.weight": {"_type": "histogram", "values": [1.0, 0.0, 3.0, 2.0, 5.0, 3.0, 3.0, 2.0, 3.0, 6.0, 7.0, 8.0, 11.0, 15.0, 10.0, 14.0, 15.0, 17.0, 26.0, 31.0, 18.0, 33.0, 29.0, 27.0, 45.0, 53.0, 54.0, 48.0, 51.0, 51.0, 65.0, 64.0, 61.0, 71.0, 59.0, 73.0, 63.0, 53.0, 60.0, 52.0, 49.0, 54.0, 51.0, 31.0, 37.0, 40.0, 26.0, 23.0, 16.0, 20.0, 17.0, 17.0, 17.0, 10.0, 8.0, 10.0, 4.0, 8.0, 2.0, 4.0, 2.0, 1.0, 2.0, 3.0], "bins": [-2.9870340824127197, -2.897308588027954, -2.8075833320617676, -2.717857837677002, -2.6281323432922363, -2.53840708732605, -2.448681592941284, -2.3589563369750977, -2.269230842590332, -2.1795053482055664, -2.08978009223938, -2.0000545978546143, -1.9103292226791382, -1.820603847503662, -1.7308783531188965, -1.6411529779434204, -1.5514274835586548, -1.4617021083831787, -1.371976613998413, -1.282251238822937, -1.192525863647461, -1.1028003692626953, -1.0130749940872192, -0.9233496189117432, -0.8336241245269775, -0.7438986897468567, -0.6541733145713806, -0.5644478797912598, -0.4747224748134613, -0.38499706983566284, -0.295271635055542, -0.20554625988006592, -0.11582088470458984, -0.026095472276210785, 0.06362994015216827, 0.15335536003112793, 0.2430807650089264, 0.33280616998672485, 0.4225316047668457, 0.5122569799423218, 0.6019823551177979, 0.6917077898979187, 0.7814331650733948, 0.8711585998535156, 0.9608839750289917, 1.0506093502044678, 1.1403348445892334, 1.2300602197647095, 1.319785714149475, 1.4095110893249512, 1.4992365837097168, 1.5889619588851929, 1.678687334060669, 1.7684128284454346, 1.8581382036209106, 1.9478635787963867, 2.0375890731811523, 2.127314567565918, 2.2170398235321045, 2.30676531791687, 2.3964908123016357, 2.4862160682678223, 2.575941562652588, 2.6656670570373535, 2.75539231300354]}, "gradients/i_bias.weight": {"_type": "histogram", "values": [2.0, 0.0, 0.0, 1.0, 1.0, 1.0, 0.0, 0.0, 1.0, 0.0, 0.0, 1.0, 0.0, 1.0, 0.0, 0.0, 1.0, 3.0, 1.0, 1.0, 1.0, 0.0, 1.0, 1.0, 4.0, 5.0, 4.0, 4.0, 6.0, 2.0, 9.0, 10.0, 4.0, 8.0, 12.0, 12.0, 11.0, 14.0, 17.0, 20.0, 15.0, 12.0, 18.0, 19.0, 1322.0, 19.0, 12.0, 14.0, 15.0, 15.0, 6.0, 6.0, 4.0, 6.0, 4.0, 3.0, 4.0, 3.0, 2.0, 2.0, 0.0, 1.0, 2.0, 1.0],